speaker,segfile
g960524_m_us_001,files/segments/g960524__turn0_seg0.npy
g960524_m_us_001,files/segments/g960524__turn0_seg1.npy
g960524_m_us_001,files/segments/g960524__turn0_seg2.npy
g960524_m_us_001,files/segments/g960524__turn0_seg3.npy
g960524_m_us_001,files/segments/g960524__turn0_seg4.npy
linden_soles,files/segments/g960524__turn1_seg0.npy
linden_soles,files/segments/g960524__turn1_seg1.npy
linden_soles,files/segments/g960524__turn1_seg2.npy
linden_soles,files/segments/g960524__turn1_seg3.npy
linden_soles,files/segments/g960524__turn1_seg4.npy
linden_soles,files/segments/g960524__turn1_seg5.npy
linden_soles,files/segments/g960524__turn1_seg6.npy
linden_soles,files/segments/g960524__turn1_seg7.npy
g960524_m_us_002,files/segments/g960524__turn2_seg0.npy
g960524_m_us_002,files/segments/g960524__turn2_seg1.npy
g960524_m_us_002,files/segments/g960524__turn2_seg2.npy
g960524_m_us_002,files/segments/g960524__turn2_seg3.npy
g960524_m_us_002,files/segments/g960524__turn2_seg4.npy
g960524_m_us_002,files/segments/g960524__turn2_seg5.npy
linden_soles,files/segments/g960524__turn3_seg0.npy
linden_soles,files/segments/g960524__turn3_seg1.npy
linden_soles,files/segments/g960524__turn3_seg2.npy
linden_soles,files/segments/g960524__turn3_seg3.npy
linden_soles,files/segments/g960524__turn3_seg4.npy
linden_soles,files/segments/g960524__turn3_seg5.npy
linden_soles,files/segments/g960524__turn4_seg0.npy
linden_soles,files/segments/g960524__turn4_seg1.npy
linden_soles,files/segments/g960524__turn4_seg2.npy
linden_soles,files/segments/g960524__turn4_seg3.npy
linden_soles,files/segments/g960524__turn4_seg4.npy
linden_soles,files/segments/g960524__turn4_seg5.npy
linden_soles,files/segments/g960524__turn4_seg6.npy
linden_soles,files/segments/g960524__turn4_seg7.npy
g960524_m_us_017,files/segments/g960524__turn5_seg0.npy
g960524_m_us_017,files/segments/g960524__turn5_seg1.npy
g960524_m_us_017,files/segments/g960524__turn5_seg2.npy
g960524_m_us_017,files/segments/g960524__turn5_seg3.npy
g960524_m_us_017,files/segments/g960524__turn5_seg4.npy
g960524_m_us_017,files/segments/g960524__turn5_seg5.npy
g960524_m_us_017,files/segments/g960524__turn5_seg6.npy
g960524_m_us_017,files/segments/g960524__turn5_seg7.npy
g960524_m_us_017,files/segments/g960524__turn5_seg8.npy
g960524_m_us_017,files/segments/g960524__turn5_seg9.npy
g960524_m_us_017,files/segments/g960524__turn5_seg10.npy
g960524_m_us_017,files/segments/g960524__turn5_seg11.npy
g960524_m_us_017,files/segments/g960524__turn5_seg12.npy
g960524_m_us_017,files/segments/g960524__turn5_seg13.npy
g960524_m_us_017,files/segments/g960524__turn5_seg14.npy
g960524_m_us_017,files/segments/g960524__turn5_seg15.npy
g960524_m_us_017,files/segments/g960524__turn5_seg16.npy
g960524_m_us_017,files/segments/g960524__turn5_seg17.npy
g960524_m_us_017,files/segments/g960524__turn5_seg18.npy
g960524_m_us_003,files/segments/g960524__turn6_seg0.npy
g960524_m_us_003,files/segments/g960524__turn6_seg1.npy
g960524_m_us_003,files/segments/g960524__turn6_seg2.npy
g960524_m_us_003,files/segments/g960524__turn6_seg3.npy
g960524_m_us_003,files/segments/g960524__turn6_seg4.npy
g960524_m_us_003,files/segments/g960524__turn6_seg5.npy
g960524_m_us_003,files/segments/g960524__turn6_seg6.npy
g960524_m_us_003,files/segments/g960524__turn6_seg7.npy
g960524_m_us_017,files/segments/g960524__turn7_seg0.npy
g960524_m_us_017,files/segments/g960524__turn7_seg1.npy
g960524_m_us_017,files/segments/g960524__turn7_seg2.npy
g960524_m_us_017,files/segments/g960524__turn7_seg3.npy
g960524_m_us_003,files/segments/g960524__turn8_seg0.npy
g960524_m_us_003,files/segments/g960524__turn8_seg1.npy
g960524_m_us_003,files/segments/g960524__turn8_seg2.npy
g960524_m_us_003,files/segments/g960524__turn8_seg3.npy
g960524_m_us_003,files/segments/g960524__turn8_seg4.npy
g960524_m_us_003,files/segments/g960524__turn8_seg5.npy
g960524_m_us_003,files/segments/g960524__turn8_seg6.npy
g960524_m_us_003,files/segments/g960524__turn8_seg7.npy
g960524_m_us_003,files/segments/g960524__turn8_seg8.npy
g960524_m_us_003,files/segments/g960524__turn8_seg9.npy
g960524_m_us_003,files/segments/g960524__turn8_seg10.npy
g960524_m_us_004,files/segments/g960524__turn9_seg0.npy
g960524_m_us_004,files/segments/g960524__turn9_seg1.npy
g960524_m_us_004,files/segments/g960524__turn9_seg2.npy
g960524_m_us_004,files/segments/g960524__turn9_seg3.npy
g960524_m_us_004,files/segments/g960524__turn9_seg4.npy
g960524_m_us_004,files/segments/g960524__turn9_seg5.npy
g960524_m_us_017,files/segments/g960524__turn10_seg0.npy
g960524_m_us_017,files/segments/g960524__turn10_seg1.npy
g960524_m_us_017,files/segments/g960524__turn10_seg2.npy
g960524_m_us_017,files/segments/g960524__turn10_seg3.npy
g960524_m_us_017,files/segments/g960524__turn10_seg4.npy
g960524_m_us_017,files/segments/g960524__turn10_seg5.npy
g960524_m_us_017,files/segments/g960524__turn10_seg6.npy
g960524_m_us_017,files/segments/g960524__turn10_seg7.npy
g960524_m_us_017,files/segments/g960524__turn10_seg8.npy
g960524_m_us_017,files/segments/g960524__turn10_seg9.npy
g960524_m_us_017,files/segments/g960524__turn10_seg10.npy
g960524_m_us_017,files/segments/g960524__turn10_seg11.npy
g960524_m_us_017,files/segments/g960524__turn10_seg12.npy
g960524_m_us_017,files/segments/g960524__turn10_seg13.npy
g960524_m_us_017,files/segments/g960524__turn10_seg14.npy
g960524_m_us_017,files/segments/g960524__turn10_seg15.npy
g960524_m_us_017,files/segments/g960524__turn10_seg16.npy
g960524_m_us_017,files/segments/g960524__turn10_seg17.npy
g960524_m_us_017,files/segments/g960524__turn10_seg18.npy
g960524_m_us_017,files/segments/g960524__turn10_seg19.npy
g960524_m_us_017,files/segments/g960524__turn10_seg20.npy
g960524_m_us_017,files/segments/g960524__turn10_seg21.npy
g960524_m_us_017,files/segments/g960524__turn10_seg22.npy
linden_soles,files/segments/g960524__turn11_seg0.npy
linden_soles,files/segments/g960524__turn12_seg0.npy
linden_soles,files/segments/g960524__turn12_seg1.npy
linden_soles,files/segments/g960524__turn12_seg2.npy
linden_soles,files/segments/g960524__turn12_seg3.npy
linden_soles,files/segments/g960524__turn12_seg4.npy
linden_soles,files/segments/g960524__turn12_seg5.npy
linden_soles,files/segments/g960524__turn12_seg6.npy
linden_soles,files/segments/g960524__turn12_seg7.npy
linden_soles,files/segments/g960524__turn12_seg8.npy
linden_soles,files/segments/g960524__turn12_seg9.npy
linden_soles,files/segments/g960524__turn12_seg10.npy
linden_soles,files/segments/g960524__turn13_seg0.npy
linden_soles,files/segments/g960524__turn13_seg1.npy
linden_soles,files/segments/g960524__turn14_seg0.npy
linden_soles,files/segments/g960524__turn14_seg1.npy
linden_soles,files/segments/g960524__turn14_seg2.npy
linden_soles,files/segments/g960524__turn14_seg3.npy
linden_soles,files/segments/g960524__turn14_seg4.npy
linden_soles,files/segments/g960524__turn14_seg5.npy
linden_soles,files/segments/g960524__turn14_seg6.npy
linden_soles,files/segments/g960524__turn14_seg7.npy
linden_soles,files/segments/g960524__turn14_seg8.npy
linden_soles,files/segments/g960524__turn14_seg9.npy
g960524_f_us_018,files/segments/g960524__turn15_seg0.npy
g960524_f_us_018,files/segments/g960524__turn15_seg1.npy
g960524_f_us_018,files/segments/g960524__turn15_seg2.npy
g960524_f_us_018,files/segments/g960524__turn15_seg3.npy
g960524_f_us_018,files/segments/g960524__turn15_seg4.npy
g960524_f_us_018,files/segments/g960524__turn15_seg5.npy
g960524_f_us_005,files/segments/g960524__turn16_seg0.npy
g960524_f_us_005,files/segments/g960524__turn16_seg1.npy
g960524_f_us_005,files/segments/g960524__turn16_seg2.npy
g960524_f_us_005,files/segments/g960524__turn16_seg3.npy
g960524_f_us_018,files/segments/g960524__turn17_seg0.npy
g960524_f_us_018,files/segments/g960524__turn17_seg1.npy
g960524_f_us_018,files/segments/g960524__turn17_seg2.npy
g960524_f_us_018,files/segments/g960524__turn17_seg3.npy
g960524_f_us_018,files/segments/g960524__turn17_seg4.npy
g960524_f_us_018,files/segments/g960524__turn17_seg5.npy
g960524_f_us_018,files/segments/g960524__turn17_seg6.npy
g960524_f_us_018,files/segments/g960524__turn17_seg7.npy
g960524_f_us_018,files/segments/g960524__turn17_seg8.npy
g960524_f_us_018,files/segments/g960524__turn17_seg9.npy
g960524_f_us_018,files/segments/g960524__turn17_seg10.npy
g960524_f_us_018,files/segments/g960524__turn17_seg11.npy
g960524_f_us_018,files/segments/g960524__turn17_seg12.npy
g960524_f_us_018,files/segments/g960524__turn17_seg13.npy
g960524_f_us_018,files/segments/g960524__turn17_seg14.npy
g960524_f_us_018,files/segments/g960524__turn17_seg15.npy
g960524_f_us_018,files/segments/g960524__turn17_seg16.npy
g960524_f_us_018,files/segments/g960524__turn17_seg17.npy
g960524_f_us_018,files/segments/g960524__turn17_seg18.npy
g960524_f_us_018,files/segments/g960524__turn17_seg19.npy
g960524_f_us_018,files/segments/g960524__turn17_seg20.npy
g960524_f_us_018,files/segments/g960524__turn17_seg21.npy
g960524_f_us_018,files/segments/g960524__turn17_seg22.npy
g960524_f_us_018,files/segments/g960524__turn17_seg23.npy
g960524_f_us_018,files/segments/g960524__turn17_seg24.npy
g960524_f_us_018,files/segments/g960524__turn17_seg25.npy
g960524_f_us_018,files/segments/g960524__turn17_seg26.npy
g960524_m_us_006,files/segments/g960524__turn18_seg0.npy
g960524_m_us_006,files/segments/g960524__turn18_seg1.npy
g960524_m_us_006,files/segments/g960524__turn18_seg2.npy
g960524_f_us_018,files/segments/g960524__turn19_seg0.npy
g960524_f_us_018,files/segments/g960524__turn19_seg1.npy
g960524_f_us_018,files/segments/g960524__turn19_seg2.npy
g960524_f_us_018,files/segments/g960524__turn19_seg3.npy
g960524_f_us_018,files/segments/g960524__turn19_seg4.npy
g960524_f_us_018,files/segments/g960524__turn19_seg5.npy
g960524_f_us_018,files/segments/g960524__turn19_seg6.npy
g960524_f_us_018,files/segments/g960524__turn19_seg7.npy
g960524_f_us_018,files/segments/g960524__turn19_seg8.npy
linden_soles,files/segments/g960524__turn20_seg0.npy
linden_soles,files/segments/g960524__turn20_seg1.npy
linden_soles,files/segments/g960524__turn20_seg2.npy
linden_soles,files/segments/g960524__turn20_seg3.npy
linden_soles,files/segments/g960524__turn20_seg4.npy
linden_soles,files/segments/g960524__turn20_seg5.npy
linden_soles,files/segments/g960524__turn20_seg6.npy
linden_soles,files/segments/g960524__turn20_seg7.npy
linden_soles,files/segments/g960524__turn20_seg8.npy
linden_soles,files/segments/g960524__turn20_seg9.npy
karl_ohs,files/segments/g960524__turn21_seg0.npy
karl_ohs,files/segments/g960524__turn21_seg1.npy
g960524_m_us_008,files/segments/g960524__turn22_seg0.npy
karl_ohs,files/segments/g960524__turn23_seg0.npy
linden_soles,files/segments/g960524__turn24_seg0.npy
linden_soles,files/segments/g960524__turn24_seg1.npy
linden_soles,files/segments/g960524__turn24_seg2.npy
linden_soles,files/segments/g960524__turn24_seg3.npy
linden_soles,files/segments/g960524__turn24_seg4.npy
linden_soles,files/segments/g960524__turn25_seg0.npy
linden_soles,files/segments/g960524__turn25_seg1.npy
linden_soles,files/segments/g960524__turn25_seg2.npy
linden_soles,files/segments/g960524__turn25_seg3.npy
linden_soles,files/segments/g960524__turn25_seg4.npy
linden_soles,files/segments/g960524__turn26_seg0.npy
linden_soles,files/segments/g960524__turn26_seg1.npy
linden_soles,files/segments/g960524__turn26_seg2.npy
linden_soles,files/segments/g960524__turn26_seg3.npy
linden_soles,files/segments/g960524__turn26_seg4.npy
linden_soles,files/segments/g960524__turn26_seg5.npy
linden_soles,files/segments/g960524__turn26_seg6.npy
linden_soles,files/segments/g960524__turn26_seg7.npy
linden_soles,files/segments/g960524__turn26_seg8.npy
linden_soles,files/segments/g960524__turn27_seg0.npy
linden_soles,files/segments/g960524__turn27_seg1.npy
linden_soles,files/segments/g960524__turn27_seg2.npy
linden_soles,files/segments/g960524__turn27_seg3.npy
linden_soles,files/segments/g960524__turn27_seg4.npy
linden_soles,files/segments/g960524__turn27_seg5.npy
linden_soles,files/segments/g960524__turn27_seg6.npy
linden_soles,files/segments/g960524__turn28_seg0.npy
linden_soles,files/segments/g960524__turn28_seg1.npy
linden_soles,files/segments/g960524__turn28_seg2.npy
linden_soles,files/segments/g960524__turn28_seg3.npy
linden_soles,files/segments/g960524__turn28_seg4.npy
linden_soles,files/segments/g960524__turn28_seg5.npy
linden_soles,files/segments/g960524__turn28_seg6.npy
linden_soles,files/segments/g960524__turn28_seg7.npy
linden_soles,files/segments/g960524__turn28_seg8.npy
linden_soles,files/segments/g960524__turn28_seg9.npy
linden_soles,files/segments/g960524__turn28_seg10.npy
linden_soles,files/segments/g960524__turn28_seg11.npy
linden_soles,files/segments/g960524__turn28_seg12.npy
linden_soles,files/segments/g960524__turn28_seg13.npy
linden_soles,files/segments/g960524__turn28_seg14.npy
linden_soles,files/segments/g960524__turn28_seg15.npy
linden_soles,files/segments/g960524__turn28_seg16.npy
linden_soles,files/segments/g960524__turn28_seg17.npy
linden_soles,files/segments/g960524__turn28_seg18.npy
linden_soles,files/segments/g960524__turn28_seg19.npy
linden_soles,files/segments/g960524__turn28_seg20.npy
linden_soles,files/segments/g960524__turn28_seg21.npy
linden_soles,files/segments/g960524__turn28_seg22.npy
g960524_m_us_009,files/segments/g960524__turn29_seg0.npy
g960524_m_us_009,files/segments/g960524__turn29_seg1.npy
g960524_m_us_009,files/segments/g960524__turn29_seg2.npy
g960524_m_us_009,files/segments/g960524__turn29_seg3.npy
g960524_m_us_009,files/segments/g960524__turn29_seg4.npy
g960524_m_us_009,files/segments/g960524__turn29_seg5.npy
g960524_m_us_009,files/segments/g960524__turn29_seg6.npy
g960524_m_us_009,files/segments/g960524__turn29_seg7.npy
g960524_m_us_009,files/segments/g960524__turn29_seg8.npy
g960524_m_us_009,files/segments/g960524__turn29_seg9.npy
g960524_m_us_009,files/segments/g960524__turn29_seg10.npy
g960524_m_us_009,files/segments/g960524__turn29_seg11.npy
g960524_m_us_009,files/segments/g960524__turn29_seg12.npy
g960524_m_us_009,files/segments/g960524__turn29_seg13.npy
g960524_m_us_009,files/segments/g960524__turn29_seg14.npy
g960524_m_us_009,files/segments/g960524__turn29_seg15.npy
linden_soles,files/segments/g960524__turn30_seg0.npy
linden_soles,files/segments/g960524__turn30_seg1.npy
linden_soles,files/segments/g960524__turn30_seg2.npy
linden_soles,files/segments/g960524__turn30_seg3.npy
linden_soles,files/segments/g960524__turn30_seg4.npy
linden_soles,files/segments/g960524__turn30_seg5.npy
linden_soles,files/segments/g960524__turn31_seg0.npy
linden_soles,files/segments/g960524__turn32_seg0.npy
linden_soles,files/segments/g960524__turn32_seg1.npy
linden_soles,files/segments/g960524__turn32_seg2.npy
linden_soles,files/segments/g960524__turn32_seg3.npy
linden_soles,files/segments/g960524__turn32_seg4.npy
linden_soles,files/segments/g960524__turn32_seg5.npy
linden_soles,files/segments/g960524__turn32_seg6.npy
linden_soles,files/segments/g960524__turn32_seg7.npy
linden_soles,files/segments/g960524__turn33_seg0.npy
linden_soles,files/segments/g960524__turn33_seg1.npy
linden_soles,files/segments/g960524__turn33_seg2.npy
linden_soles,files/segments/g960524__turn34_seg0.npy
linden_soles,files/segments/g960524__turn34_seg1.npy
linden_soles,files/segments/g960524__turn35_seg0.npy
linden_soles,files/segments/g960524__turn35_seg1.npy
linden_soles,files/segments/g960524__turn35_seg2.npy
linden_soles,files/segments/g960524__turn35_seg3.npy
linden_soles,files/segments/g960524__turn35_seg4.npy
linden_soles,files/segments/g960524__turn35_seg5.npy
linden_soles,files/segments/g960524__turn35_seg6.npy
linden_soles,files/segments/g960524__turn36_seg0.npy
linden_soles,files/segments/g960524__turn36_seg1.npy
linden_soles,files/segments/g960524__turn36_seg2.npy
linden_soles,files/segments/g960524__turn36_seg3.npy
linden_soles,files/segments/g960524__turn36_seg4.npy
linden_soles,files/segments/g960524__turn36_seg5.npy
linden_soles,files/segments/g960524__turn36_seg6.npy
linden_soles,files/segments/g960524__turn36_seg7.npy
linden_soles,files/segments/g960524__turn36_seg8.npy
linden_soles,files/segments/g960524__turn36_seg9.npy
linden_soles,files/segments/g960524__turn36_seg10.npy
linden_soles,files/segments/g960524__turn36_seg11.npy
linden_soles,files/segments/g960524__turn36_seg12.npy
linden_soles,files/segments/g960524__turn36_seg13.npy
linden_soles,files/segments/g960524__turn36_seg14.npy
linden_soles,files/segments/g960524__turn36_seg15.npy
linden_soles,files/segments/g960524__turn36_seg16.npy
linden_soles,files/segments/g960524__turn36_seg17.npy
linden_soles,files/segments/g960524__turn36_seg18.npy
linden_soles,files/segments/g960524__turn37_seg0.npy
linden_soles,files/segments/g960524__turn37_seg1.npy
linden_soles,files/segments/g960524__turn37_seg2.npy
linden_soles,files/segments/g960524__turn38_seg0.npy
linden_soles,files/segments/g960524__turn38_seg1.npy
linden_soles,files/segments/g960524__turn39_seg0.npy
linden_soles,files/segments/g960524__turn39_seg1.npy
linden_soles,files/segments/g960524__turn39_seg2.npy
linden_soles,files/segments/g960524__turn39_seg3.npy
linden_soles,files/segments/g960524__turn39_seg4.npy
linden_soles,files/segments/g960524__turn39_seg5.npy
linden_soles,files/segments/g960524__turn39_seg6.npy
linden_soles,files/segments/g960524__turn39_seg7.npy
linden_soles,files/segments/g960524__turn40_seg0.npy
linden_soles,files/segments/g960524__turn40_seg1.npy
linden_soles,files/segments/g960524__turn40_seg2.npy
linden_soles,files/segments/g960524__turn40_seg3.npy
linden_soles,files/segments/g960524__turn40_seg4.npy
linden_soles,files/segments/g960524__turn40_seg5.npy
linden_soles,files/segments/g960524__turn40_seg6.npy
linden_soles,files/segments/g960524__turn40_seg7.npy
linden_soles,files/segments/g960524__turn40_seg8.npy
linden_soles,files/segments/g960524__turn41_seg0.npy
linden_soles,files/segments/g960524__turn41_seg1.npy
linden_soles,files/segments/g960524__turn41_seg2.npy
linden_soles,files/segments/g960524__turn41_seg3.npy
linden_soles,files/segments/g960524__turn41_seg4.npy
linden_soles,files/segments/g960524__turn41_seg5.npy
linden_soles,files/segments/g960524__turn41_seg6.npy
g960524_m_us_010,files/segments/g960524__turn42_seg0.npy
g960524_m_us_010,files/segments/g960524__turn42_seg1.npy
g960524_m_us_010,files/segments/g960524__turn42_seg2.npy
g960524_m_us_010,files/segments/g960524__turn42_seg3.npy
g960524_m_us_010,files/segments/g960524__turn42_seg4.npy
g960524_m_us_010,files/segments/g960524__turn42_seg5.npy
g960524_m_us_010,files/segments/g960524__turn42_seg6.npy
g960524_m_us_010,files/segments/g960524__turn42_seg7.npy
g960524_m_us_010,files/segments/g960524__turn42_seg8.npy
g960524_m_us_010,files/segments/g960524__turn42_seg9.npy
g960524_m_us_010,files/segments/g960524__turn42_seg10.npy
g960524_m_us_010,files/segments/g960524__turn42_seg11.npy
g960524_m_us_010,files/segments/g960524__turn42_seg12.npy
linden_soles,files/segments/g960524__turn43_seg0.npy
linden_soles,files/segments/g960524__turn43_seg1.npy
linden_soles,files/segments/g960524__turn45_seg0.npy
linden_soles,files/segments/g960524__turn45_seg1.npy
linden_soles,files/segments/g960524__turn45_seg2.npy
linden_soles,files/segments/g960524__turn45_seg3.npy
linden_soles,files/segments/g960524__turn45_seg4.npy
linden_soles,files/segments/g960524__turn45_seg5.npy
linden_soles,files/segments/g960524__turn45_seg6.npy
g960524_m_us_019,files/segments/g960524__turn46_seg0.npy
g960524_m_us_019,files/segments/g960524__turn46_seg1.npy
g960524_m_us_019,files/segments/g960524__turn46_seg2.npy
g960524_m_us_019,files/segments/g960524__turn46_seg3.npy
g960524_m_us_019,files/segments/g960524__turn46_seg4.npy
g960524_m_us_019,files/segments/g960524__turn46_seg5.npy
g960524_m_us_019,files/segments/g960524__turn46_seg6.npy
g960524_m_us_019,files/segments/g960524__turn46_seg7.npy
g960524_m_us_019,files/segments/g960524__turn46_seg8.npy
g960524_m_us_019,files/segments/g960524__turn46_seg9.npy
g960524_m_us_019,files/segments/g960524__turn46_seg10.npy
g960524_m_us_019,files/segments/g960524__turn46_seg11.npy
g960524_m_us_019,files/segments/g960524__turn46_seg12.npy
g960524_m_us_019,files/segments/g960524__turn46_seg13.npy
g960524_m_us_011,files/segments/g960524__turn47_seg0.npy
g960524_m_us_011,files/segments/g960524__turn47_seg1.npy
g960524_m_us_011,files/segments/g960524__turn47_seg2.npy
g960524_m_us_011,files/segments/g960524__turn47_seg3.npy
g960524_m_us_019,files/segments/g960524__turn48_seg0.npy
g960524_m_us_011,files/segments/g960524__turn49_seg0.npy
g960524_m_us_011,files/segments/g960524__turn49_seg1.npy
g960524_m_us_011,files/segments/g960524__turn49_seg2.npy
g960524_m_us_011,files/segments/g960524__turn49_seg3.npy
g960524_m_us_011,files/segments/g960524__turn49_seg4.npy
g960524_m_us_011,files/segments/g960524__turn49_seg5.npy
g960524_m_us_011,files/segments/g960524__turn49_seg6.npy
g960524_m_us_012,files/segments/g960524__turn50_seg0.npy
g960524_m_us_012,files/segments/g960524__turn50_seg1.npy
g960524_m_us_012,files/segments/g960524__turn50_seg2.npy
g960524_m_us_013,files/segments/g960524__turn51_seg0.npy
g960524_m_us_013,files/segments/g960524__turn51_seg1.npy
g960524_m_us_013,files/segments/g960524__turn51_seg2.npy
g960524_m_us_013,files/segments/g960524__turn51_seg3.npy
g960524_m_us_019,files/segments/g960524__turn52_seg0.npy
g960524_m_us_019,files/segments/g960524__turn52_seg1.npy
g960524_m_us_019,files/segments/g960524__turn52_seg2.npy
g960524_m_us_019,files/segments/g960524__turn52_seg3.npy
g960524_m_us_019,files/segments/g960524__turn52_seg4.npy
g960524_m_us_019,files/segments/g960524__turn52_seg5.npy
g960524_m_us_019,files/segments/g960524__turn52_seg6.npy
g960524_m_us_019,files/segments/g960524__turn52_seg7.npy
g960524_m_us_019,files/segments/g960524__turn52_seg8.npy
g960524_m_us_019,files/segments/g960524__turn52_seg9.npy
g960524_m_us_019,files/segments/g960524__turn52_seg10.npy
g960524_m_us_019,files/segments/g960524__turn52_seg11.npy
g960524_m_us_019,files/segments/g960524__turn52_seg12.npy
linden_soles,files/segments/g960524__turn53_seg0.npy
linden_soles,files/segments/g960524__turn53_seg1.npy
linden_soles,files/segments/g960524__turn53_seg2.npy
linden_soles,files/segments/g960524__turn53_seg3.npy
linden_soles,files/segments/g960524__turn53_seg4.npy
linden_soles,files/segments/g960524__turn53_seg5.npy
linden_soles,files/segments/g960524__turn53_seg6.npy
linden_soles,files/segments/g960524__turn53_seg7.npy
linden_soles,files/segments/g960524__turn53_seg8.npy
linden_soles,files/segments/g960524__turn54_seg0.npy
linden_soles,files/segments/g960524__turn54_seg1.npy
linden_soles,files/segments/g960524__turn54_seg2.npy
linden_soles,files/segments/g960524__turn54_seg3.npy
linden_soles,files/segments/g960524__turn54_seg4.npy
linden_soles,files/segments/g960524__turn54_seg5.npy
linden_soles,files/segments/g960524__turn54_seg6.npy
linden_soles,files/segments/g960524__turn54_seg7.npy
linden_soles,files/segments/g960524__turn54_seg8.npy
linden_soles,files/segments/g960524__turn54_seg9.npy
linden_soles,files/segments/g960524__turn54_seg10.npy
linden_soles,files/segments/g960524__turn54_seg11.npy
linden_soles,files/segments/g960524__turn55_seg0.npy
linden_soles,files/segments/g960524__turn55_seg1.npy
linden_soles,files/segments/g960524__turn55_seg2.npy
linden_soles,files/segments/g960524__turn55_seg3.npy
linden_soles,files/segments/g960524__turn55_seg4.npy
linden_soles,files/segments/g960524__turn55_seg5.npy
linden_soles,files/segments/g960524__turn55_seg6.npy
linden_soles,files/segments/g960524__turn55_seg7.npy
brent_sadler,files/segments/g960524__turn56_seg0.npy
brent_sadler,files/segments/g960524__turn56_seg1.npy
brent_sadler,files/segments/g960524__turn56_seg2.npy
brent_sadler,files/segments/g960524__turn56_seg3.npy
brent_sadler,files/segments/g960524__turn56_seg4.npy
brent_sadler,files/segments/g960524__turn56_seg5.npy
brent_sadler,files/segments/g960524__turn56_seg6.npy
brent_sadler,files/segments/g960524__turn56_seg7.npy
brent_sadler,files/segments/g960524__turn56_seg8.npy
brent_sadler,files/segments/g960524__turn56_seg9.npy
brent_sadler,files/segments/g960524__turn56_seg10.npy
brent_sadler,files/segments/g960524__turn56_seg11.npy
brent_sadler,files/segments/g960524__turn56_seg12.npy
brent_sadler,files/segments/g960524__turn56_seg13.npy
brent_sadler,files/segments/g960524__turn56_seg14.npy
brent_sadler,files/segments/g960524__turn56_seg15.npy
brent_sadler,files/segments/g960524__turn56_seg16.npy
brent_sadler,files/segments/g960524__turn56_seg17.npy
brent_sadler,files/segments/g960524__turn56_seg18.npy
brent_sadler,files/segments/g960524__turn56_seg19.npy
brent_sadler,files/segments/g960524__turn56_seg20.npy
brent_sadler,files/segments/g960524__turn56_seg21.npy
brent_sadler,files/segments/g960524__turn56_seg22.npy
brent_sadler,files/segments/g960524__turn56_seg23.npy
brent_sadler,files/segments/g960524__turn56_seg24.npy
brent_sadler,files/segments/g960524__turn56_seg25.npy
brent_sadler,files/segments/g960524__turn56_seg26.npy
brent_sadler,files/segments/g960524__turn56_seg27.npy
brent_sadler,files/segments/g960524__turn56_seg28.npy
brent_sadler,files/segments/g960524__turn56_seg29.npy
brent_sadler,files/segments/g960524__turn56_seg30.npy
brent_sadler,files/segments/g960524__turn56_seg31.npy
brent_sadler,files/segments/g960524__turn56_seg32.npy
brent_sadler,files/segments/g960524__turn56_seg33.npy
brent_sadler,files/segments/g960524__turn56_seg34.npy
brent_sadler,files/segments/g960524__turn57_seg0.npy
brent_sadler,files/segments/g960524__turn57_seg1.npy
brent_sadler,files/segments/g960524__turn57_seg2.npy
brent_sadler,files/segments/g960524__turn57_seg3.npy
brent_sadler,files/segments/g960524__turn57_seg4.npy
brent_sadler,files/segments/g960524__turn57_seg5.npy
brent_sadler,files/segments/g960524__turn57_seg6.npy
brent_sadler,files/segments/g960524__turn57_seg7.npy
brent_sadler,files/segments/g960524__turn57_seg8.npy
brent_sadler,files/segments/g960524__turn57_seg9.npy
brent_sadler,files/segments/g960524__turn57_seg10.npy
brent_sadler,files/segments/g960524__turn57_seg11.npy
brent_sadler,files/segments/g960524__turn57_seg12.npy
brent_sadler,files/segments/g960524__turn57_seg13.npy
brent_sadler,files/segments/g960524__turn57_seg14.npy
brent_sadler,files/segments/g960524__turn57_seg15.npy
brent_sadler,files/segments/g960524__turn57_seg16.npy
brent_sadler,files/segments/g960524__turn57_seg17.npy
brent_sadler,files/segments/g960524__turn57_seg18.npy
brent_sadler,files/segments/g960524__turn57_seg19.npy
brent_sadler,files/segments/g960524__turn57_seg20.npy
brent_sadler,files/segments/g960524__turn57_seg21.npy
g960524_m_nus_014,files/segments/g960524__turn58_seg0.npy
g960524_m_nus_014,files/segments/g960524__turn58_seg1.npy
g960524_m_nus_014,files/segments/g960524__turn58_seg2.npy
g960524_m_nus_014,files/segments/g960524__turn58_seg3.npy
g960524_m_nus_014,files/segments/g960524__turn58_seg4.npy
brent_sadler,files/segments/g960524__turn59_seg0.npy
brent_sadler,files/segments/g960524__turn59_seg1.npy
brent_sadler,files/segments/g960524__turn59_seg2.npy
brent_sadler,files/segments/g960524__turn59_seg3.npy
brent_sadler,files/segments/g960524__turn59_seg4.npy
brent_sadler,files/segments/g960524__turn59_seg5.npy
brent_sadler,files/segments/g960524__turn59_seg6.npy
brent_sadler,files/segments/g960524__turn59_seg7.npy
brent_sadler,files/segments/g960524__turn59_seg8.npy
brent_sadler,files/segments/g960524__turn59_seg9.npy
brent_sadler,files/segments/g960524__turn59_seg10.npy
brent_sadler,files/segments/g960524__turn59_seg11.npy
brent_sadler,files/segments/g960524__turn59_seg12.npy
brent_sadler,files/segments/g960524__turn59_seg13.npy
brent_sadler,files/segments/g960524__turn59_seg14.npy
brent_sadler,files/segments/g960524__turn59_seg15.npy
brent_sadler,files/segments/g960524__turn59_seg16.npy
brent_sadler,files/segments/g960524__turn59_seg17.npy
brent_sadler,files/segments/g960524__turn59_seg18.npy
brent_sadler,files/segments/g960524__turn59_seg19.npy
brent_sadler,files/segments/g960524__turn59_seg20.npy
brent_sadler,files/segments/g960524__turn59_seg21.npy
brent_sadler,files/segments/g960524__turn59_seg22.npy
brent_sadler,files/segments/g960524__turn59_seg23.npy
brent_sadler,files/segments/g960524__turn59_seg24.npy
brent_sadler,files/segments/g960524__turn59_seg25.npy
linden_soles,files/segments/g960524__turn60_seg0.npy
linden_soles,files/segments/g960524__turn60_seg1.npy
linden_soles,files/segments/g960524__turn60_seg2.npy
linden_soles,files/segments/g960524__turn60_seg3.npy
linden_soles,files/segments/g960524__turn60_seg4.npy
linden_soles,files/segments/g960524__turn60_seg5.npy
linden_soles,files/segments/g960524__turn60_seg6.npy
linden_soles,files/segments/g960524__turn60_seg7.npy
linden_soles,files/segments/g960524__turn60_seg8.npy
linden_soles,files/segments/g960524__turn60_seg9.npy
linden_soles,files/segments/g960524__turn61_seg0.npy
linden_soles,files/segments/g960524__turn61_seg1.npy
linden_soles,files/segments/g960524__turn61_seg2.npy
linden_soles,files/segments/g960524__turn61_seg3.npy
linden_soles,files/segments/g960524__turn61_seg4.npy
linden_soles,files/segments/g960524__turn62_seg0.npy
linden_soles,files/segments/g960524__turn62_seg1.npy
linden_soles,files/segments/g960524__turn62_seg2.npy
linden_soles,files/segments/g960524__turn62_seg3.npy
linden_soles,files/segments/g960524__turn62_seg4.npy
linden_soles,files/segments/g960524__turn62_seg5.npy
linden_soles,files/segments/g960524__turn62_seg6.npy
linden_soles,files/segments/g960524__turn62_seg7.npy
linden_soles,files/segments/g960524__turn62_seg8.npy
linden_soles,files/segments/g960524__turn62_seg9.npy
linden_soles,files/segments/g960524__turn62_seg10.npy
linden_soles,files/segments/g960524__turn62_seg11.npy
linden_soles,files/segments/g960524__turn62_seg12.npy
linden_soles,files/segments/g960524__turn63_seg0.npy
linden_soles,files/segments/g960524__turn63_seg1.npy
linden_soles,files/segments/g960524__turn63_seg2.npy
linden_soles,files/segments/g960524__turn63_seg3.npy
linden_soles,files/segments/g960524__turn63_seg4.npy
linden_soles,files/segments/g960524__turn63_seg5.npy
g960524_m_us_021,files/segments/g960524__turn64_seg0.npy
g960524_m_us_021,files/segments/g960524__turn64_seg1.npy
g960524_m_us_021,files/segments/g960524__turn64_seg2.npy
g960524_m_us_021,files/segments/g960524__turn64_seg3.npy
g960524_m_us_021,files/segments/g960524__turn64_seg4.npy
g960524_m_us_021,files/segments/g960524__turn64_seg5.npy
g960524_m_us_021,files/segments/g960524__turn64_seg6.npy
g960524_m_us_021,files/segments/g960524__turn64_seg7.npy
g960524_m_us_021,files/segments/g960524__turn64_seg8.npy
g960524_m_us_021,files/segments/g960524__turn64_seg9.npy
g960524_m_us_021,files/segments/g960524__turn64_seg10.npy
g960524_m_us_021,files/segments/g960524__turn64_seg11.npy
g960524_m_us_021,files/segments/g960524__turn64_seg12.npy
g960524_m_us_021,files/segments/g960524__turn64_seg13.npy
g960524_m_us_021,files/segments/g960524__turn64_seg14.npy
g960524_m_us_021,files/segments/g960524__turn64_seg15.npy
camera_barrett,files/segments/g960524__turn65_seg0.npy
camera_barrett,files/segments/g960524__turn65_seg1.npy
camera_barrett,files/segments/g960524__turn65_seg2.npy
g960524_m_us_021,files/segments/g960524__turn66_seg0.npy
g960524_m_us_021,files/segments/g960524__turn66_seg1.npy
g960524_m_us_021,files/segments/g960524__turn66_seg2.npy
g960524_m_us_021,files/segments/g960524__turn66_seg3.npy
g960524_m_us_021,files/segments/g960524__turn66_seg4.npy
g960524_m_us_021,files/segments/g960524__turn66_seg5.npy
camera_barrett,files/segments/g960524__turn67_seg0.npy
camera_barrett,files/segments/g960524__turn67_seg1.npy
camera_barrett,files/segments/g960524__turn67_seg2.npy
camera_barrett,files/segments/g960524__turn67_seg3.npy
camera_barrett,files/segments/g960524__turn67_seg4.npy
camera_barrett,files/segments/g960524__turn67_seg5.npy
camera_barrett,files/segments/g960524__turn67_seg6.npy
g960524_m_us_021,files/segments/g960524__turn68_seg0.npy
g960524_m_us_021,files/segments/g960524__turn68_seg1.npy
g960524_m_us_021,files/segments/g960524__turn68_seg2.npy
g960524_m_us_021,files/segments/g960524__turn68_seg3.npy
g960524_m_us_021,files/segments/g960524__turn68_seg4.npy
g960524_m_us_016,files/segments/g960524__turn69_seg0.npy
g960524_m_us_016,files/segments/g960524__turn69_seg1.npy
g960524_m_us_016,files/segments/g960524__turn69_seg2.npy
g960524_m_us_016,files/segments/g960524__turn69_seg3.npy
g960524_m_us_021,files/segments/g960524__turn70_seg0.npy
g960524_m_us_021,files/segments/g960524__turn70_seg1.npy
g960524_m_us_021,files/segments/g960524__turn70_seg2.npy
camera_barrett,files/segments/g960524__turn71_seg0.npy
camera_barrett,files/segments/g960524__turn71_seg1.npy
camera_barrett,files/segments/g960524__turn71_seg2.npy
camera_barrett,files/segments/g960524__turn71_seg3.npy
camera_barrett,files/segments/g960524__turn71_seg4.npy
camera_barrett,files/segments/g960524__turn71_seg5.npy
g960524_m_us_021,files/segments/g960524__turn72_seg0.npy
g960524_m_us_021,files/segments/g960524__turn72_seg1.npy
g960524_m_us_021,files/segments/g960524__turn72_seg2.npy
g960524_m_us_021,files/segments/g960524__turn72_seg3.npy
g960524_m_us_021,files/segments/g960524__turn72_seg4.npy
g960524_m_us_021,files/segments/g960524__turn72_seg5.npy
g960524_m_us_021,files/segments/g960524__turn72_seg6.npy
g960524_m_us_021,files/segments/g960524__turn72_seg7.npy
g960524_m_us_021,files/segments/g960524__turn72_seg8.npy
linden_soles,files/segments/g960524__turn74_seg0.npy
linden_soles,files/segments/g960524__turn74_seg1.npy
linden_soles,files/segments/g960524__turn74_seg2.npy
linden_soles,files/segments/g960524__turn74_seg3.npy
linden_soles,files/segments/g960524__turn74_seg4.npy
linden_soles,files/segments/g960524__turn74_seg5.npy
linden_soles,files/segments/g960524__turn74_seg6.npy
linden_soles,files/segments/g960524__turn74_seg7.npy
linden_soles,files/segments/g960524__turn74_seg8.npy
linden_soles,files/segments/g960524__turn74_seg9.npy
linden_soles,files/segments/g960524__turn74_seg10.npy
linden_soles,files/segments/g960524__turn74_seg11.npy
linden_soles,files/segments/g960524__turn74_seg12.npy
linden_soles,files/segments/g960524__turn74_seg13.npy
